Model,Language,Accuracy,Precision,Recall,F1-score
xlm-roberta-base,hausa,0.8245749613601236,0.5486264423248669,0.5425718847773261,0.5440566249309419
bert-base-multilingual-cased,hausa,0.8176197836166924,0.5405258966902091,0.541313313510189,0.5405135876340065
morit/XLM-T-full-xnli,hausa,0.8253477588871716,0.5456390634589209,0.5483575170519585,0.5468352558796047
Davlan/naija-twitter-sentiment-afriberta-large,hausa,0.8222565687789799,0.5416573716502827,0.5522807398915334,0.5466123519220866
