Model,Language,Accuracy,Precision,Recall,F1-score
xlm-roberta-base,igbo,0.8521008403361344,0.8469387755102041,0.8032800672834314,0.8154831837335714
bert-base-multilingual-cased,igbo,0.8789915966386554,0.8707795143327166,0.838484721054107,0.8526522529476139
morit/XLM-T-full-xnli,igbo,0.8974789915966387,0.865322922536156,0.8771446593776283,0.8710944808873246
Davlan/naija-twitter-sentiment-afriberta-large,igbo,0.9226890756302522,0.9120625358577166,0.9058662741799832,0.9088649654439128
