Model,Language,Accuracy,Precision,Recall,F1-score
xlm-roberta-base,yoruba,0.834685598377282,0.55770174558028,0.5816239627090494,0.5690754987120176
bert-base-multilingual-cased,yoruba,0.8407707910750507,0.5617950207913488,0.5903344789753474,0.5736290434391565
morit/XLM-T-full-xnli,yoruba,0.8468559837728195,0.7147429443941071,0.6194579651754463,0.6270264147699601
Davlan/naija-twitter-sentiment-afriberta-large,yoruba,0.8580121703853956,0.7969102355667136,0.6110138898149663,0.6124144882916142
